{"metadata":{"asset_id":"7af8f4e0-3759-4c33-a69a-62417022ddf7","asset_attributes":["notebook"],"name":"final_peer_project","asset_type":"notebook","created_at":"2022-03-17T17:01:25Z","description":"peer review final project","origin_country":"us","owner_id":"IBMid-665001W4QQ","project_id":"b8345c7b-8321-4a25-97a3-9a9c888419a0","size":4345527,"tags":["notebook"],"usage":{"last_update_time":1647539632192,"last_updated_at":"2022-03-17T17:53:52Z"}},"entity":{"notebook":{"kernel":{"name":"python3","display_name":"Python 3.9","language":"python"},"originates_from":{"type":"blank"},"runtime":{"environment":"conda2rt221"}},"location_definition":{"physical_location_code":"DAL","physical_location_code_assigned_by":"IBMid-665001W4QQ","physical_location_code_rds_id":"c57cb90f-2126-3800-9c9f-9eab82021cdf","physical_location_code_rds_version":"test_version_noop","physical_location_code_assignment_method":"INFERRED","physical_location_code_added_on":"1647536182942"}},"attachments":[{"id":"31623c48-f675-43e6-b7b1-ab08a263d158","version":2,"asset_type":"notebook","name":"attachment for notebook 7af8f4e0-3759-4c33-a69a-62417022ddf7","description":"attachment for notebook 7af8f4e0-3759-4c33-a69a-62417022ddf7","mime":"application/json","datasource_type":"193a97c1-4475-4a19-b90c-295c4fdc6517","object_key":"notebook/final_peer_project_BPeTmxWjY.ipynb","creator_id":"IBMid-665001W4QQ","create_time":1647536485827,"size":4345527,"is_remote":false,"is_managed":false,"is_referenced":true,"is_object_key_read_only":false,"is_user_provided_path_key":true,"transfer_complete":true,"is_partitioned":false,"complete_time_ticks":1647536485827,"user_data":{},"test_doc":0,"handle":{"bucket":"ibmstockproject-donotdelete-pr-g7zguxfpyz2xeo","location":"us-geo","key":"notebook/final_peer_project_BPeTmxWjY.ipynb","upload_id":"done","max_part_num":1},"usage":{"access_count":26,"last_accessor_id":"IBMid-665001W4QQ","last_access_time":1647539577903,"last_updater_id":"IBMid-665001W4QQ","last_update_time":1647539577903}}]}
